,Nome,Idade,Faixa Etária,Fruta Preferida
0,Julia_2bf2,15,13-15 anos,Banana
1,Pedro_75cc,17,16-18 anos,Maçã
2,Ana_dd99,13,13-15 anos,Banana
3,Carla_d08d,13,13-15 anos,Laranja
4,Ana_3f60,15,13-15 anos,Maçã
5,Alex_4745,15,13-15 anos,Laranja
6,Luana_d21b,14,13-15 anos,Banana
7,Pedro_0ccb,17,16-18 anos,Maçã
8,Maria_990c,17,16-18 anos,Maçã
9,Julia_a144,13,13-15 anos,Laranja
10,Julia_41f6,18,16-18 anos,Banana
11,Maria_4508,15,13-15 anos,Maçã
12,João_11f3,14,13-15 anos,Maçã
13,Felipe_c7f9,18,16-18 anos,Banana
14,Julia_8f33,10,10-12 anos,Maçã
15,Lucas_d86e,11,10-12 anos,Banana
16,Julia_d2f8,11,10-12 anos,Banana
17,Maria_857a,16,16-18 anos,Maçã
18,Julia_cd02,16,16-18 anos,Banana
19,Lucas_7c7c,18,16-18 anos,Laranja
20,Maria_a1e7,18,16-18 anos,Maçã
21,Julia_be87,18,16-18 anos,Banana
22,Carla_5570,14,13-15 anos,Banana
23,Lucas_9d15,17,16-18 anos,Laranja
24,Pedro_fca5,10,10-12 anos,Laranja
25,Maria_4b68,14,13-15 anos,Laranja
26,João_7904,11,10-12 anos,Banana
27,Julia_19e0,16,16-18 anos,Maçã
28,Pedro_eca6,15,13-15 anos,Laranja
29,João_cc04,15,13-15 anos,Maçã
30,Julia_fa25,12,10-12 anos,Banana
31,Maria_2797,18,16-18 anos,Maçã
32,Lucas_9d05,15,13-15 anos,Laranja
33,Ana_bfa9,15,13-15 anos,Laranja
34,João_c0d2,10,10-12 anos,Laranja
35,Maria_1d97,14,13-15 anos,Banana
36,Maria_0622,13,13-15 anos,Maçã
37,Pedro_145b,15,13-15 anos,Maçã
38,Lucas_b620,17,16-18 anos,Maçã
39,Lucas_b4c2,14,13-15 anos,Banana
40,Carla_3016,13,13-15 anos,Maçã
41,João_279c,14,13-15 anos,Banana
42,Maria_64a8,15,13-15 anos,Banana
43,Julia_3c81,10,10-12 anos,Laranja
44,Maria_0477,15,13-15 anos,Maçã
45,João_674d,15,13-15 anos,Banana
46,Julia_0974,10,10-12 anos,Banana
47,Alex_084e,12,10-12 anos,Laranja
48,Luana_ffd0,15,13-15 anos,Banana
49,Pedro_d4be,14,13-15 anos,Laranja
50,Felipe_a853,14,13-15 anos,Maçã
51,Lucas_466b,15,13-15 anos,Maçã
52,Felipe_6dd7,18,16-18 anos,Banana
53,Lucas_0122,12,10-12 anos,Maçã
54,Maria_6a0b,11,10-12 anos,Laranja
55,Maria_f77e,12,10-12 anos,Maçã
56,Julia_5fc2,13,13-15 anos,Banana
57,Felipe_d714,12,10-12 anos,Laranja
58,Luana_c72c,13,13-15 anos,Laranja
59,João_c118,10,10-12 anos,Banana
60,Alex_4edb,10,10-12 anos,Laranja
61,Julia_5508,11,10-12 anos,Banana
62,Alex_dfbd,13,13-15 anos,Maçã
63,Luana_c421,12,10-12 anos,Maçã
64,João_9e53,12,10-12 anos,Banana
65,Felipe_ec9e,14,13-15 anos,Maçã
66,Ana_5bbd,18,16-18 anos,Maçã
67,Carla_d662,12,10-12 anos,Laranja
68,Ana_9b69,17,16-18 anos,Laranja
69,João_7362,12,10-12 anos,Maçã
70,Alex_58f6,18,16-18 anos,Maçã
71,Ana_3cfd,15,13-15 anos,Laranja
72,João_e38e,17,16-18 anos,Maçã
73,Carla_247d,14,13-15 anos,Maçã
74,João_f869,17,16-18 anos,Banana
75,Luana_4aa8,11,10-12 anos,Maçã
76,Luana_87f7,11,10-12 anos,Maçã
77,Luana_e318,11,10-12 anos,Laranja
78,Pedro_4a06,11,10-12 anos,Banana
79,Lucas_8824,11,10-12 anos,Banana
80,Carla_86d0,15,13-15 anos,Banana
81,Julia_4c75,14,13-15 anos,Laranja
82,Lucas_7cde,10,10-12 anos,Maçã
83,Ana_c0a8,13,13-15 anos,Laranja
84,Maria_60ff,14,13-15 anos,Laranja
85,Pedro_86e3,12,10-12 anos,Banana
86,Lucas_a09a,13,13-15 anos,Maçã
87,Lucas_347a,10,10-12 anos,Laranja
88,Luana_4ef1,15,13-15 anos,Laranja
89,Alex_bad7,17,16-18 anos,Banana
90,João_3d49,14,13-15 anos,Banana
91,Julia_c95e,15,13-15 anos,Maçã
92,Lucas_9027,10,10-12 anos,Laranja
93,Alex_f7d5,17,16-18 anos,Laranja
94,Lucas_2f57,12,10-12 anos,Maçã
95,Carla_a818,12,10-12 anos,Laranja
96,Lucas_6bce,13,13-15 anos,Maçã
97,Luana_0fde,10,10-12 anos,Laranja
98,Carla_e063,17,16-18 anos,Banana
99,Alex_a269,12,10-12 anos,Banana
100,Felipe_3931,13,13-15 anos,Maçã
101,Lucas_d10b,10,10-12 anos,Laranja
102,Felipe_07c0,18,16-18 anos,Maçã
103,Julia_ae9d,16,16-18 anos,Laranja
104,João_b2a0,10,10-12 anos,Laranja
105,Carla_753c,15,13-15 anos,Laranja
106,Pedro_dbe6,14,13-15 anos,Banana
107,Alex_185b,13,13-15 anos,Maçã
108,Pedro_26f1,11,10-12 anos,Banana
109,Luana_c0d6,18,16-18 anos,Banana
110,Lucas_fff9,15,13-15 anos,Maçã
111,Lucas_5a1b,18,16-18 anos,Banana
112,Pedro_7014,13,13-15 anos,Banana
113,Maria_eeda,12,10-12 anos,Maçã
114,Felipe_6d97,17,16-18 anos,Banana
115,Julia_9aa8,13,13-15 anos,Maçã
116,Pedro_a05c,16,16-18 anos,Banana
117,Ana_9bb0,13,13-15 anos,Maçã
118,Lucas_f8f7,17,16-18 anos,Laranja
119,Pedro_cc12,13,13-15 anos,Laranja
120,Pedro_8f4f,18,16-18 anos,Banana
121,Carla_3dd7,14,13-15 anos,Laranja
122,Alex_9379,16,16-18 anos,Laranja
123,Carla_2f64,14,13-15 anos,Maçã
124,Carla_5fda,13,13-15 anos,Banana
125,Pedro_0cb8,14,13-15 anos,Laranja
126,Alex_9573,10,10-12 anos,Laranja
127,Pedro_d493,14,13-15 anos,Banana
128,Maria_6cbe,15,13-15 anos,Maçã
129,Alex_1fa2,12,10-12 anos,Banana
130,João_8747,14,13-15 anos,Maçã
131,Lucas_2f80,15,13-15 anos,Maçã
132,João_d2a9,10,10-12 anos,Laranja
133,Felipe_e8cd,11,10-12 anos,Banana
134,Luana_52d9,14,13-15 anos,Banana
135,Julia_dbf9,15,13-15 anos,Maçã
136,Lucas_b086,14,13-15 anos,Laranja
137,João_4316,14,13-15 anos,Laranja
138,Luana_1a81,15,13-15 anos,Banana
139,Maria_43ec,15,13-15 anos,Laranja
140,Ana_b287,17,16-18 anos,Maçã
141,Felipe_2349,15,13-15 anos,Banana
142,Luana_e719,14,13-15 anos,Maçã
143,Julia_9241,17,16-18 anos,Banana
144,Pedro_ac48,17,16-18 anos,Maçã
145,Julia_c996,17,16-18 anos,Banana
146,Pedro_b622,10,10-12 anos,Maçã
147,Lucas_ad9b,16,16-18 anos,Banana
148,Julia_ed6b,16,16-18 anos,Banana
149,Alex_48c7,17,16-18 anos,Laranja
150,João_0e2c,10,10-12 anos,Maçã
151,Carla_1124,16,16-18 anos,Banana
152,Luana_acbe,10,10-12 anos,Maçã
153,Carla_9cf3,13,13-15 anos,Maçã
154,Alex_289d,11,10-12 anos,Laranja
155,Lucas_be56,17,16-18 anos,Laranja
156,Luana_8013,17,16-18 anos,Banana
157,Maria_be8e,15,13-15 anos,Laranja
158,Julia_4293,15,13-15 anos,Maçã
159,Alex_1fc7,10,10-12 anos,Banana
160,Ana_aeb8,14,13-15 anos,Laranja
161,Ana_b6f4,15,13-15 anos,Maçã
162,Ana_ba40,17,16-18 anos,Banana
163,Ana_d59d,18,16-18 anos,Laranja
164,Julia_625c,18,16-18 anos,Maçã
165,Felipe_3c9b,18,16-18 anos,Maçã
166,Luana_c18f,11,10-12 anos,Banana
167,Maria_33fe,13,13-15 anos,Banana
168,Alex_c61b,18,16-18 anos,Laranja
169,Ana_3035,11,10-12 anos,Laranja
170,Lucas_fca3,13,13-15 anos,Maçã
171,João_276d,12,10-12 anos,Banana
172,Alex_e5bf,10,10-12 anos,Banana
173,João_2f77,10,10-12 anos,Banana
174,Carla_f417,17,16-18 anos,Laranja
175,Felipe_bd2d,12,10-12 anos,Banana
176,Ana_2c9f,13,13-15 anos,Banana
177,Maria_1d56,17,16-18 anos,Maçã
178,Alex_c980,17,16-18 anos,Laranja
179,João_d41c,11,10-12 anos,Maçã
180,Julia_a9f1,11,10-12 anos,Laranja
181,Maria_6d5b,14,13-15 anos,Laranja
182,Pedro_575b,15,13-15 anos,Banana
183,Lucas_a21d,11,10-12 anos,Banana
184,Carla_f51e,16,16-18 anos,Maçã
185,Carla_0bb4,14,13-15 anos,Banana
186,Julia_870b,14,13-15 anos,Laranja
187,Julia_6e1b,15,13-15 anos,Banana
188,Alex_e690,18,16-18 anos,Laranja
189,Ana_caaa,14,13-15 anos,Laranja
190,Pedro_49cb,14,13-15 anos,Laranja
191,Felipe_7e16,10,10-12 anos,Laranja
192,Alex_8a32,10,10-12 anos,Maçã
193,Ana_936b,18,16-18 anos,Banana
194,Luana_fd81,17,16-18 anos,Banana
195,Ana_33fa,13,13-15 anos,Banana
196,Carla_065d,12,10-12 anos,Banana
197,Alex_f31e,12,10-12 anos,Maçã
198,Felipe_d327,12,10-12 anos,Maçã
199,Carla_1e5b,14,13-15 anos,Banana
200,Luana_2ffc,15,13-15 anos,Banana
201,Julia_bfd0,14,13-15 anos,Laranja
202,Julia_6211,13,13-15 anos,Laranja
203,Maria_8b40,11,10-12 anos,Laranja
204,Lucas_5fe9,12,10-12 anos,Banana
205,João_8ade,10,10-12 anos,Banana
206,Felipe_7f4a,13,13-15 anos,Banana
207,Carla_99dc,15,13-15 anos,Laranja
208,Maria_2fe3,15,13-15 anos,Maçã
209,Ana_54e1,18,16-18 anos,Laranja
210,Carla_b363,18,16-18 anos,Maçã
211,João_2f9a,11,10-12 anos,Laranja
212,Alex_f6b0,15,13-15 anos,Laranja
213,Felipe_a053,11,10-12 anos,Maçã
214,Ana_2afd,12,10-12 anos,Banana
215,Julia_241d,16,16-18 anos,Banana
216,João_a981,14,13-15 anos,Maçã
217,Alex_bace,14,13-15 anos,Maçã
218,Maria_383f,13,13-15 anos,Laranja
219,Pedro_18d9,16,16-18 anos,Banana
220,Felipe_bdff,13,13-15 anos,Laranja
221,Lucas_1e0a,18,16-18 anos,Laranja
222,Lucas_9fce,10,10-12 anos,Laranja
223,João_7de2,17,16-18 anos,Maçã
224,Lucas_7ee2,11,10-12 anos,Laranja
225,Julia_c0a9,16,16-18 anos,Maçã
226,Ana_5b1e,13,13-15 anos,Banana
227,Maria_e3c4,11,10-12 anos,Laranja
228,Ana_f542,18,16-18 anos,Maçã
229,Pedro_d302,18,16-18 anos,Banana
230,Pedro_3ce4,11,10-12 anos,Maçã
231,Alex_fb2e,10,10-12 anos,Maçã
232,Alex_6074,14,13-15 anos,Maçã
233,Felipe_72d4,10,10-12 anos,Banana
234,Maria_64cc,10,10-12 anos,Maçã
235,Luana_b998,15,13-15 anos,Banana
236,Felipe_00f5,14,13-15 anos,Banana
237,Luana_cacd,13,13-15 anos,Banana
238,Luana_0db1,11,10-12 anos,Maçã
239,Luana_3e9a,15,13-15 anos,Maçã
240,Carla_ddb4,17,16-18 anos,Maçã
241,Lucas_6eec,12,10-12 anos,Maçã
242,Luana_7625,14,13-15 anos,Laranja
243,Pedro_fb51,12,10-12 anos,Maçã
244,Carla_6c6e,18,16-18 anos,Laranja
245,Carla_4b17,13,13-15 anos,Banana
246,Felipe_469b,13,13-15 anos,Banana
247,Carla_5c9a,10,10-12 anos,Banana
248,Alex_d1d5,11,10-12 anos,Laranja
249,Lucas_ece4,14,13-15 anos,Banana
250,Julia_b171,13,13-15 anos,Laranja
251,Lucas_95e5,16,16-18 anos,Banana
252,Pedro_8cb2,16,16-18 anos,Banana
253,Pedro_e39d,17,16-18 anos,Laranja
254,Carla_3c51,16,16-18 anos,Banana
255,Maria_b5ae,12,10-12 anos,Maçã
256,Luana_e05b,14,13-15 anos,Banana
257,Ana_425a,13,13-15 anos,Laranja
258,Julia_7de2,16,16-18 anos,Banana
259,Lucas_1340,11,10-12 anos,Laranja
260,Carla_82eb,10,10-12 anos,Maçã
261,Maria_885b,12,10-12 anos,Laranja
262,Felipe_9553,10,10-12 anos,Banana
263,Carla_28d7,17,16-18 anos,Banana
264,Felipe_3a7e,13,13-15 anos,Laranja
265,Alex_6e3c,18,16-18 anos,Laranja
266,Julia_e10c,10,10-12 anos,Laranja
267,Julia_3871,14,13-15 anos,Banana
268,Carla_1536,11,10-12 anos,Laranja
269,Lucas_3b47,13,13-15 anos,Banana
270,Carla_f5aa,16,16-18 anos,Banana
271,Pedro_bf41,16,16-18 anos,Maçã
272,Lucas_6dae,13,13-15 anos,Laranja
273,Ana_62f3,16,16-18 anos,Banana
274,Ana_d764,10,10-12 anos,Laranja
275,Luana_0707,16,16-18 anos,Laranja
276,Julia_07eb,16,16-18 anos,Laranja
277,Alex_5db3,17,16-18 anos,Banana
278,Ana_2446,15,13-15 anos,Laranja
279,Julia_ce25,16,16-18 anos,Banana
280,Carla_38f0,12,10-12 anos,Banana
281,Luana_db89,17,16-18 anos,Banana
282,Carla_b35a,14,13-15 anos,Maçã
283,Julia_76c0,12,10-12 anos,Maçã
284,Luana_87ae,14,13-15 anos,Maçã
285,Lucas_fee0,11,10-12 anos,Laranja
286,Luana_cb67,16,16-18 anos,Maçã
287,Carla_44fb,14,13-15 anos,Banana
288,Pedro_f0ea,15,13-15 anos,Maçã
289,Ana_ecaa,15,13-15 anos,Banana
290,Carla_1285,15,13-15 anos,Banana
291,Luana_9256,11,10-12 anos,Laranja
292,Pedro_0b22,18,16-18 anos,Laranja
293,Alex_0df8,11,10-12 anos,Banana
294,Alex_bd07,14,13-15 anos,Maçã
295,Alex_9d7b,12,10-12 anos,Laranja
296,Felipe_855b,12,10-12 anos,Banana
297,Julia_4fc5,16,16-18 anos,Maçã
298,Carla_e7dc,16,16-18 anos,Laranja
299,Maria_82ad,18,16-18 anos,Maçã
300,Maria_3fd8,16,16-18 anos,Laranja
301,Julia_f756,18,16-18 anos,Maçã
302,Luana_b829,14,13-15 anos,Banana
303,Maria_3052,11,10-12 anos,Laranja
304,Alex_a13f,13,13-15 anos,Banana
305,Julia_29b0,11,10-12 anos,Laranja
306,Felipe_d59b,11,10-12 anos,Banana
307,Lucas_67d6,10,10-12 anos,Maçã
308,Alex_24c7,18,16-18 anos,Laranja
309,Alex_678d,12,10-12 anos,Laranja
310,Julia_1a7f,18,16-18 anos,Laranja
311,Alex_2111,11,10-12 anos,Maçã
312,Pedro_6db0,10,10-12 anos,Banana
313,Julia_c4d2,12,10-12 anos,Maçã
314,Luana_70ba,15,13-15 anos,Laranja
315,Pedro_6b60,10,10-12 anos,Laranja
316,João_3b7c,14,13-15 anos,Laranja
317,Julia_b890,14,13-15 anos,Laranja
318,Luana_e82c,17,16-18 anos,Laranja
319,Luana_6de2,17,16-18 anos,Laranja
320,Pedro_29f8,10,10-12 anos,Banana
321,Alex_9170,10,10-12 anos,Maçã
322,Lucas_c44b,10,10-12 anos,Maçã
323,Maria_0cc3,15,13-15 anos,Banana
324,Felipe_c9c2,12,10-12 anos,Laranja
325,Carla_34f5,13,13-15 anos,Laranja
326,Julia_b1d1,15,13-15 anos,Laranja
327,Julia_c70c,14,13-15 anos,Maçã
328,Carla_edfd,12,10-12 anos,Maçã
329,João_94cd,13,13-15 anos,Laranja
330,Pedro_dfc3,10,10-12 anos,Banana
331,Felipe_3c90,16,16-18 anos,Banana
332,Luana_ae62,12,10-12 anos,Laranja
333,Alex_f835,14,13-15 anos,Banana
334,Felipe_50c2,16,16-18 anos,Banana
335,Carla_3d08,18,16-18 anos,Banana
336,Julia_841f,10,10-12 anos,Laranja
337,Maria_a0b8,15,13-15 anos,Banana
338,Julia_a151,13,13-15 anos,Maçã
339,João_eb5e,11,10-12 anos,Maçã
340,Carla_0bc7,15,13-15 anos,Maçã
341,Felipe_bb6e,11,10-12 anos,Banana
342,Felipe_c4ad,15,13-15 anos,Laranja
343,Felipe_fc22,11,10-12 anos,Laranja
344,Maria_3f6d,16,16-18 anos,Banana
345,Ana_41da,10,10-12 anos,Laranja
346,Alex_84d9,13,13-15 anos,Maçã
347,Maria_4326,13,13-15 anos,Banana
348,Lucas_3f59,15,13-15 anos,Banana
349,Maria_37e3,18,16-18 anos,Banana
350,Pedro_7b36,15,13-15 anos,Maçã
351,Ana_814a,10,10-12 anos,Banana
352,Alex_ff63,15,13-15 anos,Banana
353,Pedro_18b6,13,13-15 anos,Laranja
354,Luana_c83d,15,13-15 anos,Banana
355,Ana_77fa,14,13-15 anos,Maçã
356,Pedro_2de1,10,10-12 anos,Maçã
357,Carla_b4b0,12,10-12 anos,Banana
358,Alex_2337,13,13-15 anos,Laranja
359,Maria_cec4,17,16-18 anos,Banana
360,Carla_d996,11,10-12 anos,Laranja
361,Lucas_0e63,16,16-18 anos,Laranja
362,Maria_a779,14,13-15 anos,Maçã
363,Maria_bac5,13,13-15 anos,Banana
364,João_9bd7,18,16-18 anos,Banana
365,Ana_c779,14,13-15 anos,Laranja
366,Alex_0e99,16,16-18 anos,Laranja
367,Pedro_3495,13,13-15 anos,Maçã
368,João_4c2a,16,16-18 anos,Laranja
369,Luana_20d3,15,13-15 anos,Banana
370,João_21a2,14,13-15 anos,Banana
371,Carla_e836,14,13-15 anos,Laranja
372,Maria_cc6e,16,16-18 anos,Laranja
373,Luana_d337,13,13-15 anos,Maçã
374,João_8590,10,10-12 anos,Maçã
375,Luana_190d,10,10-12 anos,Laranja
376,Alex_e5a8,17,16-18 anos,Maçã
377,Pedro_2b29,17,16-18 anos,Banana
378,Maria_8ac7,13,13-15 anos,Maçã
379,Luana_a16e,15,13-15 anos,Maçã
380,João_5d18,17,16-18 anos,Laranja
381,João_3b03,14,13-15 anos,Maçã
382,Lucas_857a,16,16-18 anos,Laranja
383,Pedro_6e9b,15,13-15 anos,Banana
384,Luana_bf71,16,16-18 anos,Banana
385,Felipe_d0d2,16,16-18 anos,Banana
386,Felipe_2406,16,16-18 anos,Banana
387,Lucas_f2eb,10,10-12 anos,Banana
388,Lucas_16d7,14,13-15 anos,Maçã
389,Ana_b69d,13,13-15 anos,Banana
390,Luana_b01c,10,10-12 anos,Maçã
391,Lucas_26d0,14,13-15 anos,Banana
392,Julia_124d,11,10-12 anos,Banana
393,Luana_95b7,16,16-18 anos,Laranja
394,Julia_29f9,12,10-12 anos,Laranja
395,João_3b19,18,16-18 anos,Banana
396,Ana_a351,14,13-15 anos,Banana
397,Maria_316f,15,13-15 anos,Laranja
398,Luana_096f,11,10-12 anos,Laranja
399,Pedro_f609,11,10-12 anos,Laranja
400,Ana_85b4,14,13-15 anos,Banana
401,Ana_b63b,17,16-18 anos,Banana
402,Alex_7d77,10,10-12 anos,Maçã
403,Luana_f4f4,18,16-18 anos,Banana
404,Alex_fdd3,17,16-18 anos,Laranja
405,Luana_7a78,15,13-15 anos,Laranja
406,Maria_d7af,13,13-15 anos,Maçã
407,Pedro_6c52,11,10-12 anos,Maçã
408,Felipe_69a1,13,13-15 anos,Laranja
409,Carla_2337,12,10-12 anos,Banana
410,Pedro_c50b,10,10-12 anos,Maçã
411,Luana_c84f,13,13-15 anos,Banana
412,Luana_ad9b,11,10-12 anos,Banana
413,João_c283,12,10-12 anos,Maçã
414,Felipe_41ee,10,10-12 anos,Maçã
415,Ana_88ad,11,10-12 anos,Maçã
416,Alex_8b81,12,10-12 anos,Maçã
417,Alex_d5d1,10,10-12 anos,Maçã
418,Felipe_89f3,12,10-12 anos,Maçã
419,Ana_8bca,14,13-15 anos,Banana
420,Pedro_46d1,17,16-18 anos,Maçã
421,Ana_cdbe,17,16-18 anos,Maçã
422,Pedro_df89,13,13-15 anos,Maçã
423,Felipe_e79e,12,10-12 anos,Banana
424,Lucas_2046,13,13-15 anos,Maçã
425,Lucas_bd47,14,13-15 anos,Maçã
426,Ana_40d0,17,16-18 anos,Laranja
427,Luana_5f87,10,10-12 anos,Laranja
428,Maria_df05,17,16-18 anos,Banana
429,João_2d31,10,10-12 anos,Laranja
430,Lucas_092d,10,10-12 anos,Banana
431,Alex_dcb8,13,13-15 anos,Maçã
432,Carla_76f4,12,10-12 anos,Banana
433,Carla_018d,13,13-15 anos,Maçã
434,Maria_27db,13,13-15 anos,Banana
435,Ana_6197,15,13-15 anos,Banana
436,Carla_f86a,13,13-15 anos,Banana
437,Luana_6bd2,11,10-12 anos,Laranja
438,João_84f0,18,16-18 anos,Laranja
439,Alex_d2cb,13,13-15 anos,Laranja
440,Maria_04db,13,13-15 anos,Banana
441,Julia_8e55,17,16-18 anos,Maçã
442,Ana_a04c,17,16-18 anos,Banana
443,Carla_e59b,10,10-12 anos,Laranja
444,Luana_755a,11,10-12 anos,Maçã
445,Luana_2146,14,13-15 anos,Maçã
446,Luana_386f,17,16-18 anos,Laranja
447,Julia_e2c3,17,16-18 anos,Laranja
448,Pedro_56d9,18,16-18 anos,Banana
449,Lucas_2725,16,16-18 anos,Laranja
450,Maria_ee20,12,10-12 anos,Laranja
451,Maria_334a,18,16-18 anos,Banana
452,Felipe_68d4,12,10-12 anos,Laranja
453,Lucas_32ba,11,10-12 anos,Laranja
454,João_7e75,17,16-18 anos,Maçã
455,João_4e2a,12,10-12 anos,Banana
456,Maria_cb41,15,13-15 anos,Banana
457,Felipe_9e92,10,10-12 anos,Banana
458,Lucas_fa4f,16,16-18 anos,Laranja
459,Julia_1529,16,16-18 anos,Banana
460,João_5d84,10,10-12 anos,Laranja
461,Julia_0aed,13,13-15 anos,Laranja
462,Luana_6192,15,13-15 anos,Banana
463,Lucas_f4d1,18,16-18 anos,Laranja
464,João_c907,10,10-12 anos,Laranja
465,João_ee13,12,10-12 anos,Banana
466,Lucas_2224,14,13-15 anos,Banana
467,Luana_2d87,15,13-15 anos,Maçã
468,Lucas_b53c,18,16-18 anos,Banana
469,Carla_85a5,12,10-12 anos,Laranja
470,João_cd26,15,13-15 anos,Maçã
471,Pedro_39f8,17,16-18 anos,Banana
472,Julia_7f4c,15,13-15 anos,Banana
473,Julia_ffd3,17,16-18 anos,Laranja
474,Luana_e131,17,16-18 anos,Banana
475,Luana_475c,16,16-18 anos,Banana
476,Maria_2261,14,13-15 anos,Banana
477,Pedro_8c2d,16,16-18 anos,Maçã
478,Julia_9b05,16,16-18 anos,Laranja
479,Maria_5a3b,14,13-15 anos,Laranja
480,Alex_59b3,11,10-12 anos,Maçã
481,João_2330,10,10-12 anos,Maçã
482,João_8c8f,11,10-12 anos,Maçã
483,Felipe_a70f,14,13-15 anos,Laranja
484,Alex_cab5,12,10-12 anos,Banana
485,Julia_99f3,14,13-15 anos,Laranja
486,Felipe_de0c,15,13-15 anos,Banana
487,Pedro_0509,16,16-18 anos,Laranja
488,Luana_9b44,17,16-18 anos,Banana
489,Maria_1c64,13,13-15 anos,Banana
490,Carla_37c3,10,10-12 anos,Banana
491,Felipe_f257,14,13-15 anos,Banana
492,Alex_6875,17,16-18 anos,Banana
493,Lucas_5c81,15,13-15 anos,Laranja
494,João_5234,14,13-15 anos,Laranja
495,Carla_fcd6,10,10-12 anos,Maçã
496,Maria_e17c,14,13-15 anos,Maçã
497,Lucas_5f36,14,13-15 anos,Maçã
498,João_d8e4,11,10-12 anos,Maçã
499,Felipe_67ff,15,13-15 anos,Maçã
500,Julia_8184,14,13-15 anos,Banana
501,Felipe_9b44,15,13-15 anos,Laranja
502,Ana_e288,14,13-15 anos,Maçã
503,João_c309,16,16-18 anos,Banana
504,Pedro_df69,13,13-15 anos,Laranja
505,Ana_73fb,17,16-18 anos,Banana
506,Lucas_cd45,17,16-18 anos,Laranja
507,Julia_5a84,11,10-12 anos,Banana
508,Pedro_185b,10,10-12 anos,Laranja
509,Ana_0dfe,15,13-15 anos,Banana
510,Alex_239b,12,10-12 anos,Maçã
511,João_16fa,13,13-15 anos,Maçã
512,Ana_af06,18,16-18 anos,Banana
513,Julia_1391,13,13-15 anos,Banana
514,João_8024,15,13-15 anos,Laranja
515,Lucas_d870,17,16-18 anos,Banana
516,Pedro_46b0,10,10-12 anos,Laranja
517,Lucas_1c9f,13,13-15 anos,Laranja
518,Julia_8c1a,14,13-15 anos,Banana
519,Pedro_0270,18,16-18 anos,Laranja
520,Carla_5e04,13,13-15 anos,Banana
521,Pedro_5aaf,10,10-12 anos,Laranja
522,Lucas_d008,10,10-12 anos,Banana
523,Alex_e6bf,17,16-18 anos,Laranja
524,Alex_9897,10,10-12 anos,Laranja
525,Luana_30b9,13,13-15 anos,Laranja
526,Luana_fd84,13,13-15 anos,Maçã
527,Luana_68de,18,16-18 anos,Banana
528,Julia_d81b,12,10-12 anos,Banana
529,Pedro_fb7d,15,13-15 anos,Laranja
530,Lucas_6170,11,10-12 anos,Maçã
531,Julia_4c28,15,13-15 anos,Laranja
532,Pedro_5c20,13,13-15 anos,Laranja
533,Lucas_41bf,10,10-12 anos,Maçã
534,Maria_2a59,12,10-12 anos,Banana
535,Felipe_fa64,10,10-12 anos,Laranja
536,Luana_0b83,13,13-15 anos,Laranja
537,Pedro_ba3e,13,13-15 anos,Laranja
538,Maria_0e7d,15,13-15 anos,Laranja
539,João_1b11,16,16-18 anos,Banana
540,Maria_7a1d,12,10-12 anos,Banana
541,Luana_d9f1,14,13-15 anos,Laranja
542,Luana_7986,15,13-15 anos,Maçã
543,Carla_b274,13,13-15 anos,Maçã
544,Pedro_bdd4,17,16-18 anos,Banana
545,Alex_c50d,10,10-12 anos,Maçã
546,Maria_71a5,13,13-15 anos,Laranja
547,Alex_91b5,16,16-18 anos,Banana
548,Luana_edfc,13,13-15 anos,Banana
549,Alex_18c4,15,13-15 anos,Laranja
550,Ana_25aa,17,16-18 anos,Laranja
551,Felipe_5aa0,11,10-12 anos,Laranja
552,Pedro_d35c,15,13-15 anos,Laranja
553,Felipe_7af9,13,13-15 anos,Banana
554,Maria_2a71,14,13-15 anos,Maçã
555,Pedro_8e08,11,10-12 anos,Laranja
556,Maria_6017,11,10-12 anos,Maçã
557,Pedro_e1db,15,13-15 anos,Banana
558,Alex_1e88,14,13-15 anos,Laranja
559,Maria_1a2f,17,16-18 anos,Laranja
560,Carla_04da,14,13-15 anos,Banana
561,Luana_5050,10,10-12 anos,Banana
562,Julia_004c,16,16-18 anos,Maçã
563,Ana_f0dc,17,16-18 anos,Banana
564,Maria_9d7d,13,13-15 anos,Banana
565,Maria_eda7,18,16-18 anos,Banana
566,Ana_0d30,13,13-15 anos,Maçã
567,Luana_1ddc,16,16-18 anos,Maçã
568,Ana_1c0e,16,16-18 anos,Banana
569,Felipe_2751,16,16-18 anos,Banana
570,Luana_669d,17,16-18 anos,Banana
571,Julia_b1f8,10,10-12 anos,Laranja
572,Julia_3241,10,10-12 anos,Banana
573,Pedro_7dc0,14,13-15 anos,Banana
574,Felipe_1171,18,16-18 anos,Maçã
575,Luana_8e38,14,13-15 anos,Maçã
576,Carla_0f2c,11,10-12 anos,Maçã
577,Julia_e1ad,17,16-18 anos,Laranja
578,Alex_064b,14,13-15 anos,Banana
579,Felipe_846e,17,16-18 anos,Laranja
580,Julia_a8de,12,10-12 anos,Laranja
581,Carla_12c7,14,13-15 anos,Laranja
582,Ana_a91d,14,13-15 anos,Laranja
583,Alex_e729,10,10-12 anos,Laranja
584,Ana_3cdc,15,13-15 anos,Laranja
585,Carla_2715,11,10-12 anos,Banana
586,Lucas_ed8a,10,10-12 anos,Banana
587,Julia_a3e9,10,10-12 anos,Maçã
588,Pedro_00b8,11,10-12 anos,Laranja
589,Pedro_83b4,17,16-18 anos,Maçã
590,Pedro_e509,16,16-18 anos,Laranja
591,João_250f,16,16-18 anos,Laranja
592,Maria_feed,15,13-15 anos,Banana
593,Ana_6d36,15,13-15 anos,Maçã
594,Julia_e587,15,13-15 anos,Maçã
595,Luana_de6b,18,16-18 anos,Laranja
596,Ana_b356,13,13-15 anos,Banana
597,Alex_17bb,13,13-15 anos,Laranja
598,João_b7e4,15,13-15 anos,Laranja
599,Luana_c8f2,16,16-18 anos,Maçã
600,Alex_af52,11,10-12 anos,Laranja
601,Felipe_bfc5,13,13-15 anos,Banana
602,Pedro_c302,13,13-15 anos,Banana
603,Maria_7a5d,11,10-12 anos,Laranja
604,Julia_c947,15,13-15 anos,Laranja
605,Pedro_15e2,13,13-15 anos,Maçã
606,Pedro_4a71,11,10-12 anos,Banana
607,Lucas_e063,12,10-12 anos,Maçã
608,Julia_4982,15,13-15 anos,Banana
609,Felipe_5ce6,13,13-15 anos,Laranja
610,Julia_34df,14,13-15 anos,Banana
611,Pedro_b830,14,13-15 anos,Banana
612,Carla_a39f,16,16-18 anos,Banana
613,Maria_0003,12,10-12 anos,Banana
614,Pedro_ad8d,11,10-12 anos,Banana
615,Carla_9a17,15,13-15 anos,Laranja
616,Alex_0122,14,13-15 anos,Laranja
617,Lucas_98bf,13,13-15 anos,Maçã
618,João_dfca,14,13-15 anos,Maçã
619,Luana_d77e,16,16-18 anos,Maçã
620,Luana_da57,14,13-15 anos,Maçã
621,Felipe_af03,16,16-18 anos,Banana
622,Pedro_6244,15,13-15 anos,Banana
623,Maria_0a9a,16,16-18 anos,Banana
624,Maria_7dfd,17,16-18 anos,Laranja
625,Pedro_d071,18,16-18 anos,Laranja
626,Maria_2b67,17,16-18 anos,Laranja
627,Luana_7034,13,13-15 anos,Banana
628,Carla_94a8,15,13-15 anos,Laranja
629,Pedro_d294,12,10-12 anos,Laranja
630,Julia_1521,12,10-12 anos,Banana
631,Alex_ae75,11,10-12 anos,Laranja
632,Ana_1332,15,13-15 anos,Maçã
633,Luana_8015,14,13-15 anos,Maçã
634,Carla_3da1,17,16-18 anos,Maçã
635,João_9208,16,16-18 anos,Banana
636,João_4e88,11,10-12 anos,Banana
637,Felipe_4d84,12,10-12 anos,Maçã
638,Carla_91fa,13,13-15 anos,Banana
639,Lucas_51b7,16,16-18 anos,Laranja
640,Julia_2002,16,16-18 anos,Maçã
641,Lucas_3f62,17,16-18 anos,Banana
642,Felipe_9bf0,17,16-18 anos,Banana
643,Maria_1514,13,13-15 anos,Banana
644,Carla_c47e,13,13-15 anos,Laranja
645,Alex_ba49,11,10-12 anos,Laranja
646,Alex_5124,15,13-15 anos,Laranja
647,Alex_0e2f,14,13-15 anos,Maçã
648,Luana_e752,17,16-18 anos,Laranja
649,Alex_9cb0,12,10-12 anos,Maçã
650,Ana_676a,13,13-15 anos,Maçã
651,João_8b19,13,13-15 anos,Maçã
652,Carla_5f52,11,10-12 anos,Maçã
653,Luana_cbb8,11,10-12 anos,Banana
654,João_a979,18,16-18 anos,Banana
655,Luana_d509,10,10-12 anos,Banana
656,Luana_8451,13,13-15 anos,Laranja
657,Lucas_98f8,12,10-12 anos,Maçã
658,Carla_88da,15,13-15 anos,Laranja
659,Julia_2de7,17,16-18 anos,Laranja
660,Luana_5dc6,15,13-15 anos,Banana
661,Carla_d5ad,16,16-18 anos,Banana
662,Pedro_00c4,11,10-12 anos,Banana
663,Luana_0029,12,10-12 anos,Banana
664,Luana_f9d7,13,13-15 anos,Banana
665,Ana_a0c4,13,13-15 anos,Banana
666,Lucas_cf1a,14,13-15 anos,Banana
667,Maria_87d9,14,13-15 anos,Banana
668,Alex_10d1,16,16-18 anos,Maçã
669,Julia_7f9c,15,13-15 anos,Maçã
670,João_5146,15,13-15 anos,Laranja
671,Julia_4880,14,13-15 anos,Laranja
672,Carla_97fb,15,13-15 anos,Maçã
673,João_99de,10,10-12 anos,Banana
674,Maria_5c4e,16,16-18 anos,Laranja
675,João_3108,15,13-15 anos,Laranja
676,Lucas_9b2b,17,16-18 anos,Banana
677,Alex_b7c6,13,13-15 anos,Maçã
678,João_ef82,11,10-12 anos,Maçã
679,Julia_520c,13,13-15 anos,Banana
680,Felipe_0f91,13,13-15 anos,Banana
681,Lucas_4608,14,13-15 anos,Laranja
682,Lucas_345d,12,10-12 anos,Laranja
683,Pedro_3592,17,16-18 anos,Maçã
684,João_fd5e,10,10-12 anos,Maçã
685,Pedro_bd44,15,13-15 anos,Banana
686,Ana_e0c0,16,16-18 anos,Maçã
687,Carla_7bc3,13,13-15 anos,Laranja
688,Lucas_7883,16,16-18 anos,Laranja
689,Lucas_d7cd,11,10-12 anos,Banana
690,Alex_a263,18,16-18 anos,Laranja
691,Ana_986e,12,10-12 anos,Maçã
692,Pedro_bbef,13,13-15 anos,Laranja
693,Maria_20f9,15,13-15 anos,Maçã
694,Ana_a5ed,15,13-15 anos,Maçã
695,Alex_d577,15,13-15 anos,Banana
696,Ana_a246,12,10-12 anos,Maçã
697,Julia_b78f,12,10-12 anos,Banana
698,Maria_79de,15,13-15 anos,Banana
699,Pedro_b366,18,16-18 anos,Laranja
700,Luana_2213,13,13-15 anos,Laranja
701,Julia_6365,11,10-12 anos,Laranja
702,Maria_2fd9,11,10-12 anos,Laranja
703,Ana_5970,12,10-12 anos,Maçã
704,Luana_fde7,11,10-12 anos,Banana
705,Julia_9e6b,11,10-12 anos,Banana
706,Luana_75fe,11,10-12 anos,Banana
707,Julia_bb3a,11,10-12 anos,Maçã
708,Julia_9c38,10,10-12 anos,Banana
709,Julia_31a1,16,16-18 anos,Laranja
710,Julia_8510,11,10-12 anos,Maçã
711,Felipe_9cb3,15,13-15 anos,Banana
712,Luana_7960,17,16-18 anos,Maçã
713,João_ad35,15,13-15 anos,Laranja
714,Lucas_e7f3,11,10-12 anos,Maçã
715,Luana_5b6d,11,10-12 anos,Maçã
716,João_a862,13,13-15 anos,Maçã
717,Lucas_f127,15,13-15 anos,Laranja
718,João_dfe4,15,13-15 anos,Maçã
719,Pedro_dd65,17,16-18 anos,Laranja
720,Felipe_74d4,18,16-18 anos,Laranja
721,Carla_9e48,16,16-18 anos,Laranja
722,Alex_c183,12,10-12 anos,Maçã
723,Maria_f6a5,17,16-18 anos,Maçã
724,João_450d,15,13-15 anos,Laranja
725,Ana_9527,17,16-18 anos,Maçã
726,Luana_101a,15,13-15 anos,Maçã
727,Alex_918a,17,16-18 anos,Maçã
728,Ana_067b,18,16-18 anos,Maçã
729,Maria_ec82,13,13-15 anos,Banana
730,Carla_2225,15,13-15 anos,Maçã
731,Pedro_034a,13,13-15 anos,Banana
732,Alex_2a5a,14,13-15 anos,Banana
733,Lucas_1c8e,12,10-12 anos,Maçã
734,Pedro_49e4,15,13-15 anos,Banana
735,Carla_e665,14,13-15 anos,Maçã
736,Maria_0cbb,11,10-12 anos,Banana
737,Luana_31c3,14,13-15 anos,Laranja
738,Carla_126d,12,10-12 anos,Laranja
739,Ana_b260,10,10-12 anos,Maçã
740,Alex_fb97,11,10-12 anos,Banana
741,Carla_4779,17,16-18 anos,Laranja
742,Lucas_59f3,11,10-12 anos,Maçã
743,Felipe_292d,12,10-12 anos,Laranja
744,Alex_0ce0,15,13-15 anos,Laranja
745,Carla_eae4,12,10-12 anos,Laranja
746,Pedro_0d19,18,16-18 anos,Maçã
747,Luana_bd6d,18,16-18 anos,Maçã
748,Maria_a327,18,16-18 anos,Maçã
749,João_687a,14,13-15 anos,Maçã
750,Carla_3a65,13,13-15 anos,Banana
751,Maria_5345,14,13-15 anos,Banana
752,Carla_4548,18,16-18 anos,Laranja
753,Carla_32bd,13,13-15 anos,Banana
754,Ana_cd83,11,10-12 anos,Maçã
755,Pedro_974a,16,16-18 anos,Banana
756,Maria_527d,14,13-15 anos,Laranja
757,João_00f5,11,10-12 anos,Laranja
758,Julia_5f6c,12,10-12 anos,Maçã
759,Julia_b45d,14,13-15 anos,Laranja
760,João_64d0,18,16-18 anos,Maçã
761,Carla_8378,13,13-15 anos,Laranja
762,Julia_3dac,13,13-15 anos,Maçã
763,Julia_72a8,13,13-15 anos,Banana
764,Ana_e03f,17,16-18 anos,Maçã
765,Pedro_6ae4,18,16-18 anos,Laranja
766,Julia_5c49,16,16-18 anos,Laranja
767,Ana_36b1,13,13-15 anos,Laranja
768,João_8844,16,16-18 anos,Banana
769,Ana_5973,18,16-18 anos,Banana
770,Maria_2946,13,13-15 anos,Banana
771,Alex_db1b,12,10-12 anos,Banana
772,Julia_a923,10,10-12 anos,Banana
773,Maria_cd51,10,10-12 anos,Laranja
774,Felipe_f0c3,16,16-18 anos,Maçã
775,João_ebc1,12,10-12 anos,Maçã
776,Alex_ba98,15,13-15 anos,Banana
777,Lucas_031d,15,13-15 anos,Banana
778,João_b834,17,16-18 anos,Maçã
779,Julia_9afe,17,16-18 anos,Laranja
780,Lucas_429c,11,10-12 anos,Laranja
781,Ana_d94e,13,13-15 anos,Banana
782,João_c6f8,17,16-18 anos,Laranja
783,Pedro_d140,18,16-18 anos,Maçã
784,Carla_fdca,12,10-12 anos,Laranja
785,Lucas_3e4b,10,10-12 anos,Maçã
786,Maria_1e91,13,13-15 anos,Banana
787,Julia_dadb,12,10-12 anos,Maçã
788,Pedro_4483,14,13-15 anos,Laranja
789,Alex_8418,10,10-12 anos,Maçã
790,Luana_8ae2,14,13-15 anos,Laranja
791,Pedro_a2c1,11,10-12 anos,Banana
792,Maria_fb8c,14,13-15 anos,Maçã
793,Julia_77ab,10,10-12 anos,Laranja
794,Ana_8340,17,16-18 anos,Banana
795,Pedro_f3ee,18,16-18 anos,Laranja
796,João_4076,13,13-15 anos,Laranja
797,Carla_b86d,10,10-12 anos,Banana
798,Ana_7098,12,10-12 anos,Laranja
799,Luana_d97d,15,13-15 anos,Maçã
800,Luana_5a1a,12,10-12 anos,Banana
801,Alex_5925,14,13-15 anos,Maçã
802,Pedro_c8e9,14,13-15 anos,Laranja
803,João_79f5,14,13-15 anos,Maçã
804,Maria_3a1c,16,16-18 anos,Maçã
805,Pedro_c896,16,16-18 anos,Banana
806,Felipe_d78b,18,16-18 anos,Banana
807,Maria_acc6,15,13-15 anos,Maçã
808,João_333e,17,16-18 anos,Banana
809,Julia_4505,18,16-18 anos,Laranja
810,Pedro_07d2,13,13-15 anos,Laranja
811,João_6591,14,13-15 anos,Banana
812,Lucas_f987,11,10-12 anos,Laranja
813,Ana_c55e,17,16-18 anos,Laranja
814,Alex_0ac3,11,10-12 anos,Laranja
815,Luana_836d,12,10-12 anos,Banana
816,Julia_9d08,10,10-12 anos,Banana
817,Luana_4f43,14,13-15 anos,Maçã
818,João_42a5,18,16-18 anos,Banana
819,Ana_9c2f,14,13-15 anos,Laranja
820,Pedro_d342,15,13-15 anos,Laranja
821,Carla_f969,12,10-12 anos,Banana
822,Pedro_b525,14,13-15 anos,Maçã
823,Alex_a8ff,10,10-12 anos,Laranja
824,Carla_a9fe,12,10-12 anos,Laranja
825,Carla_04f5,16,16-18 anos,Laranja
826,João_073c,10,10-12 anos,Laranja
827,Luana_fb1d,18,16-18 anos,Banana
828,Lucas_2fcb,16,16-18 anos,Maçã
829,Felipe_5f0b,10,10-12 anos,Banana
830,Pedro_6463,14,13-15 anos,Banana
831,Maria_3b13,12,10-12 anos,Banana
832,João_4092,18,16-18 anos,Banana
833,Carla_6f1f,15,13-15 anos,Laranja
834,Felipe_bf47,18,16-18 anos,Laranja
835,Ana_e4be,13,13-15 anos,Banana
836,Lucas_ece1,18,16-18 anos,Banana
837,Alex_5eac,11,10-12 anos,Banana
838,Luana_a53d,11,10-12 anos,Laranja
839,Maria_bece,17,16-18 anos,Maçã
840,Maria_fe16,15,13-15 anos,Banana
841,Pedro_9348,12,10-12 anos,Laranja
842,Julia_cda2,10,10-12 anos,Maçã
843,Carla_09b1,16,16-18 anos,Maçã
844,Maria_461c,13,13-15 anos,Banana
845,Maria_f2c4,18,16-18 anos,Laranja
846,Maria_3449,16,16-18 anos,Banana
847,Maria_3770,13,13-15 anos,Banana
848,Lucas_2670,15,13-15 anos,Maçã
849,Alex_dce4,13,13-15 anos,Banana
850,Pedro_6a8e,16,16-18 anos,Maçã
851,Lucas_2e99,18,16-18 anos,Banana
852,Maria_eea5,12,10-12 anos,Maçã
853,Pedro_7e19,15,13-15 anos,Banana
854,Ana_2fcb,17,16-18 anos,Laranja
855,Maria_77fa,16,16-18 anos,Maçã
856,Carla_1039,10,10-12 anos,Banana
857,Julia_cc99,14,13-15 anos,Banana
858,João_be7d,11,10-12 anos,Laranja
859,Maria_97e1,15,13-15 anos,Maçã
860,Maria_6a45,17,16-18 anos,Laranja
861,Luana_e8f4,18,16-18 anos,Maçã
862,Pedro_be0f,12,10-12 anos,Banana
863,Luana_5f13,13,13-15 anos,Banana
864,Carla_3892,14,13-15 anos,Maçã
865,Luana_7b3e,18,16-18 anos,Banana
866,João_a6bf,10,10-12 anos,Banana
867,Alex_5045,10,10-12 anos,Laranja
868,Felipe_359d,18,16-18 anos,Laranja
869,Felipe_a230,14,13-15 anos,Banana
870,Pedro_d262,18,16-18 anos,Laranja
871,Felipe_73cb,10,10-12 anos,Banana
872,Julia_94f6,13,13-15 anos,Banana
873,Maria_baa9,13,13-15 anos,Maçã
874,Felipe_86a2,15,13-15 anos,Banana
875,Pedro_cc6f,14,13-15 anos,Banana
876,Maria_1453,15,13-15 anos,Maçã
877,Luana_b28b,15,13-15 anos,Maçã
878,Carla_5b82,18,16-18 anos,Banana
879,Luana_be82,16,16-18 anos,Maçã
880,Julia_4ada,17,16-18 anos,Laranja
881,Julia_01fc,11,10-12 anos,Banana
882,Julia_7e91,14,13-15 anos,Maçã
883,Pedro_1177,18,16-18 anos,Maçã
884,Lucas_4081,16,16-18 anos,Laranja
885,Ana_33d4,14,13-15 anos,Maçã
886,Alex_8862,17,16-18 anos,Maçã
887,Pedro_5a7f,17,16-18 anos,Laranja
888,Luana_711a,12,10-12 anos,Maçã
889,Carla_ec79,18,16-18 anos,Banana
890,Pedro_3bc4,15,13-15 anos,Laranja
891,Pedro_aeb0,15,13-15 anos,Banana
892,Lucas_8c05,15,13-15 anos,Laranja
893,Carla_3dfe,15,13-15 anos,Laranja
894,Pedro_e5d7,14,13-15 anos,Maçã
895,Julia_0786,15,13-15 anos,Banana
896,Lucas_64e7,18,16-18 anos,Laranja
897,Lucas_b6fe,13,13-15 anos,Laranja
898,Pedro_30aa,15,13-15 anos,Maçã
899,Ana_46e3,13,13-15 anos,Laranja
900,Julia_383c,17,16-18 anos,Laranja
901,Maria_6a85,15,13-15 anos,Laranja
902,Maria_1cd3,11,10-12 anos,Banana
903,Pedro_01c0,12,10-12 anos,Banana
904,Carla_1ded,17,16-18 anos,Banana
905,Carla_96a8,18,16-18 anos,Laranja
906,João_d08d,12,10-12 anos,Laranja
907,Lucas_155f,15,13-15 anos,Banana
908,Luana_bca7,12,10-12 anos,Laranja
909,Carla_5525,10,10-12 anos,Laranja
910,Carla_288c,17,16-18 anos,Maçã
911,Alex_0ab7,11,10-12 anos,Banana
912,Pedro_ef74,17,16-18 anos,Maçã
913,Carla_8bd6,12,10-12 anos,Maçã
914,Julia_b019,17,16-18 anos,Banana
915,Ana_2e74,14,13-15 anos,Banana
916,Pedro_b5de,15,13-15 anos,Banana
917,Pedro_52fc,15,13-15 anos,Banana
918,Lucas_c463,17,16-18 anos,Maçã
919,Luana_7c1c,15,13-15 anos,Maçã
920,Maria_0c9b,15,13-15 anos,Maçã
921,Lucas_511f,15,13-15 anos,Banana
922,Felipe_3604,13,13-15 anos,Maçã
923,Felipe_8801,17,16-18 anos,Maçã
924,João_f873,15,13-15 anos,Laranja
925,Carla_d27e,17,16-18 anos,Banana
926,Julia_90d6,17,16-18 anos,Maçã
927,Pedro_20f4,10,10-12 anos,Laranja
928,Carla_39ea,18,16-18 anos,Laranja
929,Maria_4200,11,10-12 anos,Banana
930,Maria_80a4,18,16-18 anos,Maçã
931,João_b470,10,10-12 anos,Maçã
932,Pedro_2eff,13,13-15 anos,Banana
933,Julia_3b74,12,10-12 anos,Laranja
934,Ana_2654,15,13-15 anos,Maçã
935,Lucas_a9a3,17,16-18 anos,Laranja
936,Felipe_fe0b,12,10-12 anos,Maçã
937,Lucas_5131,12,10-12 anos,Banana
938,Ana_f371,13,13-15 anos,Banana
939,Pedro_9e43,18,16-18 anos,Maçã
940,João_70a0,10,10-12 anos,Banana
941,João_5889,12,10-12 anos,Laranja
942,Luana_6087,12,10-12 anos,Maçã
943,Julia_298f,16,16-18 anos,Laranja
944,Lucas_dfd5,14,13-15 anos,Banana
945,Alex_2d4a,15,13-15 anos,Maçã
946,Luana_777b,18,16-18 anos,Maçã
947,Alex_94e4,14,13-15 anos,Maçã
948,Carla_580a,18,16-18 anos,Banana
949,Lucas_789d,18,16-18 anos,Laranja
950,Lucas_e75b,11,10-12 anos,Banana
951,João_6477,18,16-18 anos,Laranja
952,João_5dcb,12,10-12 anos,Banana
953,Ana_c7cd,11,10-12 anos,Banana
954,Carla_2915,10,10-12 anos,Maçã
955,Pedro_61c0,14,13-15 anos,Laranja
956,Lucas_5d27,14,13-15 anos,Laranja
957,Maria_883b,15,13-15 anos,Laranja
958,Carla_0a69,16,16-18 anos,Maçã
959,Carla_c572,17,16-18 anos,Maçã
960,Alex_17ab,10,10-12 anos,Maçã
961,Pedro_8e50,14,13-15 anos,Laranja
962,Ana_2f45,11,10-12 anos,Laranja
963,Felipe_d567,13,13-15 anos,Maçã
964,Lucas_5804,15,13-15 anos,Banana
965,Luana_a695,13,13-15 anos,Banana
966,Lucas_0ae1,13,13-15 anos,Maçã
967,Lucas_19cf,18,16-18 anos,Maçã
968,Alex_745c,10,10-12 anos,Laranja
969,Felipe_309a,16,16-18 anos,Banana
970,Luana_3658,16,16-18 anos,Laranja
971,Julia_00e6,12,10-12 anos,Maçã
972,João_b03c,18,16-18 anos,Banana
973,Felipe_6b9f,13,13-15 anos,Maçã
974,Alex_5c92,16,16-18 anos,Maçã
975,Ana_fa3c,10,10-12 anos,Banana
976,Carla_4785,14,13-15 anos,Maçã
977,Felipe_8a5b,11,10-12 anos,Laranja
978,Ana_a18d,14,13-15 anos,Banana
979,Ana_dc97,14,13-15 anos,Maçã
980,Pedro_8d60,18,16-18 anos,Laranja
981,Alex_0008,17,16-18 anos,Laranja
982,Ana_dfcf,16,16-18 anos,Maçã
983,Pedro_2852,15,13-15 anos,Laranja
984,Maria_7ac6,16,16-18 anos,Laranja
985,Felipe_9563,13,13-15 anos,Banana
986,Lucas_e608,18,16-18 anos,Banana
987,Felipe_9059,16,16-18 anos,Banana
988,Alex_98a7,11,10-12 anos,Banana
989,Carla_12d5,17,16-18 anos,Laranja
990,Lucas_6c7f,10,10-12 anos,Maçã
991,João_7692,14,13-15 anos,Laranja
992,Luana_bc08,10,10-12 anos,Maçã
993,Lucas_a89e,15,13-15 anos,Banana
994,João_b834,18,16-18 anos,Banana
995,Felipe_7bac,12,10-12 anos,Laranja
996,Julia_9625,14,13-15 anos,Laranja
997,João_9869,17,16-18 anos,Banana
998,Lucas_4dec,12,10-12 anos,Banana
999,Carla_4192,15,13-15 anos,Banana
